Date,Contest number,Word,Number of  reported results,Number in hard mode,1 try,2 tries,3 tries,4 tries,5 tries,6 tries,7 or more tries (X),mean_tries,success_rate,hard_mode_pct,year,month,day,weekday,word_len
2022-12-31,560.0,manly,20380.0,1899.0,0.0,0.02,0.17,0.37,0.29,0.12,0.02,4.383838383838383,0.9700000000000001,0.09317958783120707,2022,12,31,5,5
2022-12-30,559.0,molar,21204.0,1973.0,0.0,0.04,0.21,0.38,0.26,0.09,0.01,4.1818181818181825,0.98,0.09304848141860027,2022,12,30,4,5
2022-12-29,558.0,havoc,20001.0,1919.0,0.0,0.02,0.16,0.38,0.3,0.12,0.02,4.3999999999999995,0.9800000000000001,0.09594520273986301,2022,12,29,3,5
2022-12-28,557.0,impel,20160.0,1937.0,0.0,0.03,0.21,0.4,0.25,0.09,0.01,4.191919191919192,0.98,0.09608134920634921,2022,12,28,2,5
2022-12-27,556.0,condo,20879.0,2012.0,0.0,0.02,0.17,0.35,0.29,0.14,0.03,4.45,0.9700000000000001,0.09636476842760669,2022,12,27,1,5
2022-12-26,555.0,judge,20011.0,2043.0,0.0,0.02,0.08,0.16,0.26,0.33,0.14,5.232323232323232,0.8500000000000001,0.10209384838338914,2022,12,26,0,5
2022-12-25,554.0,extra,15554.0,1562.0,0.01,0.05,0.2,0.35,0.28,0.1,0.01,4.18,0.99,0.10042432814710042,2022,12,25,6,5
2022-12-24,553.0,poise,20281.0,1911.0,0.02,0.11,0.34,0.32,0.15,0.06,0.01,3.683168316831683,1.0,0.09422612297224003,2022,12,24,5,5
2022-12-23,552.0,aorta,21937.0,2112.0,0.0,0.07,0.26,0.35,0.2,0.1,0.03,4.08910891089109,0.9799999999999999,0.09627569859142089,2022,12,23,4,5
2022-12-22,551.0,excel,20490.0,2034.0,0.0,0.01,0.13,0.34,0.34,0.15,0.02,4.5555555555555545,0.9700000000000001,0.0992679355783309,2022,12,22,3,5
2022-12-21,550.0,lunar,22180.0,2036.0,0.0,0.05,0.32,0.4,0.17,0.04,0.0,3.8265306122448974,0.9800000000000001,0.09179440937781785,2022,12,21,2,5
2022-12-20,549.0,third,24137.0,2261.0,0.01,0.1,0.47,0.32,0.09,0.02,0.0,3.435643564356436,1.0099999999999998,0.09367361312507769,2022,12,20,1,5
2022-12-19,548.0,slate,26010.0,2422.0,0.06,0.14,0.33,0.27,0.13,0.05,0.01,3.4646464646464645,0.9800000000000001,0.09311803152633602,2022,12,19,0,5
2022-12-18,547.0,taper,22166.0,2108.0,0.0,0.08,0.28,0.3,0.2,0.11,0.03,4.07,0.9700000000000001,0.09510060452945954,2022,12,18,6,5
2022-12-17,546.0,chord,22336.0,2088.0,0.0,0.07,0.39,0.38,0.13,0.03,0.0,3.66,1.0,0.09348137535816618,2022,12,17,5,5
2022-12-16,545.0,rprobe,22853.0,2160.0,0.0,0.06,0.24,0.32,0.24,0.11,0.03,4.19,0.97,0.09451713123003544,2022,12,16,4,6
2022-12-15,544.0,rival,22176.0,2127.0,0.0,0.07,0.27,0.35,0.22,0.08,0.01,4.000000000000001,0.9899999999999999,0.09591450216450216,2022,12,15,3,5
2022-12-14,543.0,usual,20824.0,2048.0,0.0,0.03,0.2,0.39,0.27,0.1,0.01,4.24,0.99,0.09834805993084902,2022,12,14,2,5
2022-12-13,542.0,spoke,24101.0,2224.0,0.0,0.06,0.31,0.38,0.19,0.05,0.0,3.858585858585858,0.99,0.09227832870005394,2022,12,13,1,5
2022-12-12,541.0,apply,22873.0,2150.0,0.0,0.05,0.28,0.38,0.22,0.07,0.01,4.00990099009901,1.0,0.09399728938049229,2022,12,12,0,5
2022-12-11,540.0,na√Øve,21947.0,2075.0,0.01,0.07,0.24,0.32,0.24,0.11,0.01,4.08,0.99,0.0945459516106985,2022,12,11,6,5
2022-12-10,539.0,knock,21157.0,2041.0,0.0,0.03,0.18,0.43,0.27,0.08,0.01,4.220000000000001,0.99,0.09646925367490665,2022,12,10,5,5
2022-12-09,538.0,braid,23640.0,2165.0,0.0,0.1,0.36,0.35,0.14,0.03,0.0,3.63265306122449,0.98,0.09158206429780034,2022,12,9,4,5
2022-12-08,537.0,infer,21199.0,1863.0,0.0,0.03,0.19,0.33,0.26,0.14,0.03,4.387755102040816,0.9500000000000001,0.08788150384452097,2022,12,8,3,5
2022-12-07,536.0,joust,24899.0,2388.0,0.0,0.06,0.29,0.34,0.21,0.08,0.02,4.020000000000001,0.9799999999999999,0.09590746616329973,2022,12,7,2,5
2022-12-06,535.0,amber,23509.0,2261.0,0.0,0.06,0.22,0.33,0.24,0.12,0.03,4.2299999999999995,0.9700000000000001,0.09617593262154919,2022,12,6,1,5
2022-12-05,534.0,woken,23153.0,2200.0,0.0,0.02,0.1,0.25,0.36,0.23,0.04,4.8,0.96,0.09502008379043753,2022,12,5,0,5
2022-12-04,533.0,adore,25577.0,2398.0,0.02,0.17,0.32,0.29,0.15,0.05,0.01,3.5643564356435644,1.0,0.09375610900418345,2022,12,4,6,5
2022-12-03,532.0,torso,23873.0,2260.0,0.0,0.04,0.35,0.36,0.17,0.06,0.01,3.8888888888888884,0.98,0.09466761613538306,2022,12,3,5,5
2022-12-02,531.0,chafe,24646.0,2343.0,0.0,0.06,0.3,0.33,0.19,0.09,0.02,4.01010101010101,0.9699999999999999,0.09506613649273715,2022,12,2,4,5
2022-12-01,530.0,eject,22628.0,2200.0,0.0,0.02,0.11,0.35,0.36,0.14,0.02,4.55,0.98,0.0972246773908432,2022,12,1,3,5
2022-11-30,529.0,study,2569.0,2405.0,0.0,0.06,0.3,0.33,0.19,0.1,0.02,4.030000000000001,0.9799999999999999,0.9361619307123394,2022,11,30,2,5
2022-11-29,528.0,undue,23739.0,2316.0,0.0,0.03,0.19,0.35,0.29,0.13,0.02,4.356435643564358,0.9899999999999999,0.0975609756097561,2022,11,29,1,5
2022-11-28,527.0,tepid,26051.0,2484.0,0.0,0.1,0.38,0.35,0.13,0.03,0.0,3.6060606060606064,0.99,0.09535142604890408,2022,11,28,0,5
2022-11-27,526.0,happy,25206.0,2356.0,0.0,0.06,0.28,0.39,0.19,0.06,0.01,3.939393939393939,0.98,0.09346980877568833,2022,11,27,6,5
2022-11-26,525.0,clen,26381.0,2424.0,0.01,0.17,0.36,0.31,0.12,0.03,0.0,3.45,1.0,0.09188431067813957,2022,11,26,5,4
2022-11-25,524.0,itchy,24197.0,2329.0,0.0,0.08,0.28,0.4,0.18,0.05,0.01,3.8699999999999997,0.99,0.09625160143819482,2022,11,25,4,5
2022-11-24,523.0,feast,27705.0,2725.0,0.05,0.13,0.25,0.27,0.19,0.1,0.02,3.792079207920793,0.9899999999999999,0.09835769716657643,2022,11,24,3,5
2022-11-23,522.0,drive,26663.0,2451.0,0.01,0.12,0.32,0.3,0.18,0.06,0.01,3.7399999999999998,0.99,0.09192513970670967,2022,11,23,2,5
2022-11-22,521.0,prime,27437.0,2534.0,0.01,0.1,0.26,0.32,0.21,0.09,0.01,3.9300000000000006,0.9899999999999999,0.09235703611910923,2022,11,22,1,5
2022-11-21,520.0,axiom,24288.0,2382.0,0.0,0.05,0.19,0.33,0.27,0.13,0.03,4.33,0.9700000000000001,0.09807312252964427,2022,11,21,0,5
2022-11-20,519.0,brave,24991.0,2396.0,0.01,0.06,0.17,0.27,0.27,0.18,0.05,4.455445544554456,0.96,0.09587451482533713,2022,11,20,6,5
2022-11-19,518.0,avert,24749.0,2400.0,0.0,0.07,0.26,0.35,0.22,0.09,0.01,4.030000000000001,0.9899999999999999,0.09697361509555942,2022,11,19,5,5
2022-11-18,517.0,glyph,29208.0,2899.0,0.0,0.02,0.23,0.49,0.2,0.05,0.01,4.0600000000000005,0.99,0.09925362914270063,2022,11,18,4,5
2022-11-17,516.0,there,27465.0,2530.0,0.0,0.14,0.35,0.33,0.14,0.04,0.0,3.59,1.0,0.09211724012379392,2022,11,17,3,5
2022-11-16,515.0,baker,25576.0,2541.0,0.0,0.05,0.16,0.23,0.24,0.22,0.1,4.720000000000001,0.9,0.09935095401939319,2022,11,16,2,5
2022-11-15,514.0,snarl,27475.0,2650.0,0.0,0.05,0.21,0.31,0.24,0.15,0.04,4.3500000000000005,0.9600000000000001,0.09645131938125569,2022,11,15,1,5
2022-11-14,513.0,maple,26536.0,2467.0,0.01,0.06,0.26,0.36,0.21,0.08,0.01,3.9898989898989905,0.9799999999999999,0.09296804341272234,2022,11,14,0,5
2022-11-13,512.0,inane,25085.0,2515.0,0.0,0.08,0.25,0.3,0.21,0.13,0.03,4.15,0.97,0.10025911899541559,2022,11,13,6,5
2022-11-12,511.0,valet,24660.0,2356.0,0.0,0.04,0.22,0.38,0.25,0.09,0.01,4.161616161616162,0.98,0.09553933495539335,2022,11,12,5,5
2022-11-11,510.0,medal,25993.0,2438.0,0.0,0.05,0.25,0.38,0.23,0.08,0.01,4.070000000000001,0.9899999999999999,0.09379448313007348,2022,11,11,4,5
2022-11-10,509.0,unite,27467.0,2575.0,0.01,0.11,0.31,0.33,0.18,0.05,0.01,3.7499999999999996,0.99,0.09374886227108895,2022,11,10,3,5
2022-11-09,508.0,rainy,28984.0,2678.0,0.01,0.16,0.38,0.31,0.11,0.03,0.01,3.4752475247524752,1.0,0.09239580458183826,2022,11,9,2,5
2022-11-08,507.0,spell,27213.0,2531.0,0.0,0.04,0.24,0.37,0.24,0.09,0.01,4.1313131313131315,0.9799999999999999,0.09300701870429574,2022,11,8,1,5
2022-11-07,506.0,begin,26096.0,2439.0,0.0,0.06,0.26,0.36,0.23,0.07,0.01,4.02020202020202,0.98,0.09346259963212752,2022,11,7,0,5
2022-11-06,505.0,stale,31068.0,3013.0,0.02,0.19,0.3,0.27,0.15,0.06,0.02,3.594059405940594,0.99,0.09698081627397966,2022,11,6,6,5
2022-11-05,504.0,dream,29743.0,2751.0,0.05,0.14,0.31,0.29,0.15,0.04,0.01,3.5151515151515147,0.9800000000000001,0.09249235114144505,2022,11,5,5,5
2022-11-04,503.0,photo,27330.0,2565.0,0.0,0.05,0.34,0.43,0.15,0.03,0.0,3.77,1.0,0.0938529088913282,2022,11,4,4,5
2022-11-03,502.0,aloud,29554.0,2819.0,0.01,0.18,0.31,0.3,0.15,0.04,0.01,3.56,0.9900000000000001,0.09538471949651485,2022,11,3,3,5
2022-11-02,501.0,inept,27670.0,2640.0,0.0,0.06,0.3,0.39,0.2,0.06,0.01,3.9313725490196076,1.01,0.09541019154318757,2022,11,2,2,5
2022-11-01,500.0,piney,27502.0,3667.0,0.0,0.01,0.14,0.37,0.33,0.14,0.02,4.5049504950495045,0.9900000000000001,0.13333575739946185,2022,11,1,1,5
2022-10-31,499.0,aptly,26498.0,2572.0,0.0,0.03,0.26,0.41,0.23,0.07,0.01,4.079207920792079,1.0,0.09706392935315873,2022,10,31,0,5
2022-10-30,498.0,waltz,24672.0,2496.0,0.0,0.02,0.11,0.29,0.35,0.19,0.03,4.6767676767676765,0.96,0.10116731517509728,2022,10,30,6,5
2022-10-29,497.0,libel,25156.0,2536.0,0.0,0.03,0.15,0.32,0.32,0.16,0.02,4.489999999999999,0.9800000000000001,0.10081093973604707,2022,10,29,5,5
2022-10-28,496.0,sneak,27905.0,2636.0,0.0,0.07,0.28,0.36,0.21,0.07,0.01,3.9599999999999995,0.99,0.094463357821179,2022,10,28,4,5
2022-10-27,495.0,carry,27609.0,2615.0,0.0,0.04,0.22,0.35,0.24,0.12,0.03,4.27,0.97,0.09471549132529247,2022,10,27,3,5
2022-10-26,494.0,flout,30063.0,2904.0,0.0,0.06,0.28,0.37,0.21,0.07,0.01,3.98,0.99,0.09659714599341383,2022,10,26,2,5
2022-10-25,493.0,foggy,28953.0,2817.0,0.0,0.02,0.13,0.35,0.32,0.15,0.03,4.54,0.9700000000000001,0.09729561703450419,2022,10,25,1,5
2022-10-24,492.0,fault,28947.0,2768.0,0.0,0.07,0.27,0.35,0.22,0.08,0.01,4.000000000000001,0.9899999999999999,0.09562303520226621,2022,10,24,0,5
2022-10-23,491.0,mummy,29279.0,3021.0,0.0,0.01,0.04,0.14,0.27,0.37,0.18,5.475247524752475,0.8300000000000001,0.10317975340687865,2022,10,23,6,5
2022-10-22,490.0,spiel,29084.0,2810.0,0.0,0.07,0.32,0.36,0.19,0.06,0.01,3.881188118811881,1.0,0.09661669646541053,2022,10,22,5,5
2022-10-21,489.0,grove,28637.0,2794.0,0.0,0.04,0.18,0.3,0.28,0.17,0.03,4.45,0.9700000000000001,0.09756608583301324,2022,10,21,4,5
2022-10-20,488.0,denim,28741.0,2769.0,0.0,0.05,0.29,0.4,0.2,0.05,0.0,3.909090909090909,0.99,0.09634320308966285,2022,10,20,3,5
2022-10-19,487.0,quirk,28322.0,2794.0,0.0,0.03,0.23,0.39,0.24,0.09,0.02,4.1899999999999995,0.98,0.09865122519596074,2022,10,19,2,5
2022-10-18,486.0,exist,28612.0,2805.0,0.0,0.05,0.24,0.38,0.23,0.08,0.01,4.080808080808081,0.9799999999999999,0.0980357891793653,2022,10,18,1,5
2022-10-17,485.0,stein,31269.0,2965.0,0.01,0.12,0.34,0.32,0.16,0.05,0.01,3.6831683168316824,1.0,0.09482234801240845,2022,10,17,0,5
2022-10-16,484.0,spade,30459.0,2854.0,0.01,0.08,0.29,0.36,0.19,0.06,0.01,3.8599999999999994,0.99,0.0936997275025444,2022,10,16,6,5
2022-10-15,483.0,catch,30403.0,3123.0,0.0,0.07,0.18,0.2,0.15,0.16,0.23,4.848484848484849,0.76,0.10272012630332533,2022,10,15,5,5
2022-10-14,482.0,floor,28906.0,2752.0,0.0,0.03,0.23,0.44,0.24,0.06,0.0,4.07,1.0,0.0952051477201965,2022,10,14,4,5
2022-10-13,481.0,equal,27197.0,2677.0,0.0,0.05,0.23,0.35,0.25,0.11,0.02,4.198019801980197,0.99,0.0984299738941795,2022,10,13,3,5
2022-10-12,480.0,ionic,29151.0,2947.0,0.0,0.02,0.13,0.25,0.28,0.21,0.11,4.859999999999999,0.89,0.10109430208226133,2022,10,12,2,5
2022-10-11,479.0,valid,28575.0,2752.0,0.0,0.04,0.28,0.38,0.21,0.08,0.01,4.040000000000001,0.9899999999999999,0.0963079615048119,2022,10,11,1,5
2022-10-10,478.0,enjoy,26878.0,2654.0,0.0,0.03,0.12,0.29,0.33,0.2,0.03,4.64,0.97,0.09874246595728849,2022,10,10,0,5
2022-10-09,477.0,howdy,28408.0,2668.0,0.0,0.02,0.13,0.32,0.32,0.17,0.04,4.61,0.9600000000000001,0.09391720642072655,2022,10,9,6,5
2022-10-08,476.0,vigor,26905.0,2642.0,0.0,0.02,0.15,0.35,0.31,0.14,0.02,4.4646464646464645,0.9700000000000001,0.09819736108530012,2022,10,8,5,5
2022-10-07,475.0,dandy,29026.0,2840.0,0.0,0.02,0.11,0.23,0.29,0.24,0.11,4.95,0.8899999999999999,0.09784331289189004,2022,10,7,4,5
2022-10-06,474.0,sloth,32522.0,2987.0,0.01,0.1,0.38,0.34,0.13,0.03,0.0,3.5757575757575752,0.9900000000000001,0.09184551995572228,2022,10,6,3,5
2022-10-05,473.0,marxh,30935.0,2885.0,0.0,0.09,0.3,0.35,0.19,0.06,0.01,3.8599999999999994,0.99,0.09326006141910458,2022,10,5,2,5
2022-10-04,472.0,bough,32014.0,3060.0,0.0,0.03,0.17,0.35,0.28,0.13,0.03,4.404040404040404,0.9600000000000001,0.0955831823577185,2022,10,4,1,5
2022-10-03,471.0,sting,32288.0,2969.0,0.01,0.1,0.3,0.33,0.18,0.08,0.02,3.8725490196078436,0.9999999999999999,0.09195366699702676,2022,10,3,0,5
2022-10-02,470.0,twine,30088.0,2775.0,0.0,0.06,0.28,0.4,0.2,0.05,0.01,3.93,0.99,0.09222946024993353,2022,10,2,6,5
2022-10-01,469.0,leave,28202.0,2696.0,0.0,0.04,0.16,0.34,0.31,0.12,0.01,4.346938775510203,0.9700000000000001,0.09559605701723282,2022,10,1,5,5
2022-09-30,468.0,scorn,31223.0,2859.0,0.0,0.08,0.31,0.35,0.2,0.06,0.01,3.8811881188118806,1.0,0.09156711398648432,2022,9,30,4,5
2022-09-29,467.0,scald,30477.0,2829.0,0.0,0.04,0.23,0.36,0.24,0.11,0.02,4.21,0.98,0.09282409685992715,2022,9,29,3,5
2022-09-28,466.0,usurp,31355.0,3007.0,0.0,0.03,0.21,0.38,0.26,0.09,0.01,4.204081632653061,0.97,0.09590177005262318,2022,9,28,2,5
2022-09-27,465.0,soggy,30985.0,2888.0,0.0,0.02,0.18,0.38,0.28,0.11,0.02,4.343434343434343,0.97,0.09320639018880103,2022,9,27,1,5
2022-09-26,464.0,brisk,31706.0,2884.0,0.0,0.05,0.23,0.38,0.24,0.07,0.01,4.081632653061224,0.97,0.09096070144452154,2022,9,26,0,5
2022-09-25,463.0,admit,28994.0,2677.0,0.0,0.1,0.25,0.34,0.22,0.08,0.01,3.9600000000000004,0.9899999999999999,0.09232944747189073,2022,9,25,6,5
2022-09-24,462.0,grate,32777.0,3077.0,0.01,0.14,0.29,0.28,0.16,0.08,0.03,3.808080808080808,0.96,0.0938768038563627,2022,9,24,5,5
2022-09-23,461.0,glory,31509.0,2893.0,0.0,0.06,0.3,0.39,0.19,0.05,0.0,3.868686868686869,0.99,0.09181503697356311,2022,9,23,4,5
2022-09-22,460.0,saint,34455.0,3119.0,0.01,0.14,0.35,0.29,0.15,0.05,0.01,3.6199999999999997,0.9900000000000001,0.09052387171673197,2022,9,22,3,5
2022-09-21,459.0,recap,31976.0,2900.0,0.0,0.05,0.3,0.35,0.21,0.08,0.01,4.000000000000001,0.9899999999999999,0.09069301976482362,2022,9,21,2,5
2022-09-20,458.0,alike,31277.0,2843.0,0.0,0.06,0.2,0.33,0.27,0.12,0.02,4.25,0.9800000000000001,0.09089746459059372,2022,9,20,1,5
2022-09-19,457.0,trice,35050.0,3430.0,0.0,0.05,0.24,0.25,0.18,0.17,0.11,4.51,0.89,0.0978601997146933,2022,9,19,0,5
2022-09-18,456.0,stick,33102.0,3038.0,0.01,0.09,0.36,0.35,0.14,0.04,0.0,3.6464646464646466,0.99,0.09177693190743762,2022,9,18,6,5
2022-09-17,455.0,chute,33418.0,3073.0,0.0,0.11,0.37,0.36,0.12,0.03,0.0,3.5858585858585856,0.99,0.09195643066610809,2022,9,17,5,5
2022-09-16,454.0,parer,37309.0,4130.0,0.0,0.0,0.04,0.11,0.15,0.22,0.48,5.99,0.52,0.1106971508215176,2022,9,16,4,5
2022-09-15,453.0,doubt,33344.0,3011.0,0.01,0.12,0.32,0.34,0.16,0.04,0.0,3.6464646464646466,0.9900000000000001,0.09030110364683301,2022,9,15,3,5
2022-09-14,452.0,thyme,32142.0,2938.0,0.01,0.05,0.24,0.41,0.23,0.05,0.0,3.95959595959596,0.99,0.09140688196129675,2022,9,14,2,5
2022-09-13,451.0,alpha,29497.0,2706.0,0.0,0.03,0.19,0.4,0.28,0.09,0.01,4.240000000000001,0.99,0.09173814286198596,2022,9,13,1,5
2022-09-12,450.0,booze,29147.0,2883.0,0.0,0.01,0.07,0.27,0.38,0.23,0.04,4.87,0.96,0.09891240951041273,2022,9,12,0,5
2022-09-11,449.0,tibia,27887.0,2675.0,0.0,0.01,0.14,0.4,0.3,0.12,0.02,4.444444444444444,0.9700000000000001,0.09592283142682971,2022,9,11,6,5
2022-09-10,448.0,lofty,29237.0,2777.0,0.0,0.04,0.19,0.34,0.27,0.13,0.03,4.3500000000000005,0.9700000000000001,0.09498238533365257,2022,9,10,5,5
2022-09-09,447.0,theme,32172.0,2909.0,0.0,0.08,0.29,0.4,0.18,0.04,0.0,3.8080808080808075,0.99,0.09042024120353102,2022,9,9,4,5
2022-09-08,446.0,class,31962.0,3001.0,0.0,0.04,0.21,0.32,0.22,0.13,0.07,4.404040404040404,0.92,0.0938927476378199,2022,9,8,3,5
2022-09-07,445.0,leery,30992.0,2873.0,0.0,0.03,0.17,0.37,0.28,0.12,0.02,4.353535353535353,0.9700000000000001,0.09270134228187919,2022,9,7,2,5
2022-09-06,444.0,taunt,32734.0,3022.0,0.0,0.04,0.19,0.27,0.21,0.16,0.13,4.65,0.87,0.09231991201808518,2022,9,6,1,5
2022-09-05,443.0,whoop,32733.0,2970.0,0.0,0.01,0.16,0.47,0.29,0.07,0.01,4.2772277227722775,1.0,0.09073412152873248,2022,9,5,0,5
2022-09-04,442.0,inter,32018.0,2889.0,0.0,0.06,0.25,0.36,0.23,0.08,0.01,4.050505050505051,0.9799999999999999,0.09023049534636766,2022,9,4,6,5
2022-09-03,441.0,gully,31191.0,2877.0,0.0,0.01,0.09,0.27,0.31,0.25,0.07,4.91,0.9299999999999999,0.09223814561892854,2022,9,3,5,5
2022-09-02,440.0,charm,35724.0,3149.0,0.01,0.12,0.32,0.34,0.16,0.05,0.01,3.7029702970297027,1.0,0.0881480237375434,2022,9,2,4,5
2022-09-01,439.0,fungi,31903.0,2928.0,0.0,0.02,0.18,0.41,0.28,0.09,0.01,4.272727272727273,0.98,0.09177820267686425,2022,9,1,3,5
2022-08-31,438.0,prize,35343.0,3166.0,0.0,0.05,0.12,0.2,0.32,0.26,0.05,4.77,0.95,0.08957926604985429,2022,8,31,2,5
2022-08-30,437.0,onset,33660.0,3009.0,0.0,0.04,0.29,0.4,0.21,0.06,0.01,3.9900990099009896,1.0,0.0893939393939394,2022,8,30,1,5
2022-08-29,436.0,chief,34281.0,3072.0,0.01,0.06,0.32,0.38,0.18,0.05,0.0,3.8099999999999996,1.0,0.08961232169423296,2022,8,29,0,5
2022-08-28,435.0,gauze,30214.0,2866.0,0.0,0.02,0.11,0.24,0.31,0.25,0.08,4.891089108910891,0.9299999999999999,0.09485668895214139,2022,8,28,6,5
2022-08-27,434.0,ruder,31241.0,2784.0,0.0,0.02,0.16,0.33,0.29,0.16,0.04,4.53,0.9600000000000001,0.08911366473544381,2022,8,27,5,5
2022-08-26,433.0,irony,34716.0,3046.0,0.0,0.06,0.29,0.34,0.21,0.08,0.01,3.9898989898989905,0.9799999999999999,0.08774052310173983,2022,8,26,4,5
2022-08-25,432.0,clown,36737.0,3175.0,0.01,0.08,0.29,0.36,0.2,0.06,0.01,3.8712871287128707,1.0,0.08642512997795139,2022,8,25,3,5
2022-08-24,431.0,needy,33700.0,2927.0,0.0,0.02,0.21,0.41,0.26,0.09,0.01,4.2200000000000015,0.9899999999999999,0.08685459940652819,2022,8,24,2,5
2022-08-23,430.0,woven,33549.0,2933.0,0.0,0.02,0.13,0.32,0.32,0.17,0.03,4.585858585858586,0.9600000000000001,0.08742436436257414,2022,8,23,1,5
2022-08-22,429.0,merit,35888.0,3123.0,0.0,0.07,0.33,0.37,0.17,0.05,0.0,3.7979797979797976,0.9900000000000001,0.08702073116362015,2022,8,22,0,5
2022-08-21,428.0,waste,35617.0,3186.0,0.01,0.07,0.19,0.27,0.24,0.17,0.05,4.369999999999999,0.9500000000000001,0.08945166633910773,2022,8,21,6,5
2022-08-20,427.0,treat,38245.0,3249.0,0.01,0.22,0.32,0.26,0.14,0.05,0.01,3.485148514851485,1.0,0.08495228134396653,2022,8,20,5,5
2022-08-19,426.0,shrug,33965.0,2987.0,0.0,0.04,0.23,0.36,0.26,0.1,0.01,4.18,0.99,0.08794347122037391,2022,8,19,4,5
2022-08-18,425.0,twang,34938.0,3172.0,0.0,0.03,0.22,0.43,0.25,0.07,0.01,4.138613861386139,1.0,0.09078939836281413,2022,8,18,3,5
2022-08-17,424.0,twice,35815.0,3173.0,0.01,0.06,0.28,0.38,0.21,0.06,0.01,3.9306930693069306,1.0,0.08859416445623342,2022,8,17,2,5
2022-08-16,423.0,gruel,35105.0,3087.0,0.0,0.03,0.19,0.39,0.29,0.09,0.01,4.250000000000002,0.9899999999999999,0.08793619142572283,2022,8,16,1,5
2022-08-15,422.0,poker,35376.0,3180.0,0.0,0.04,0.17,0.3,0.27,0.17,0.05,4.51,0.9500000000000001,0.08989145183175033,2022,8,15,0,5
2022-08-14,421.0,khaki,31652.0,2968.0,0.0,0.02,0.17,0.33,0.28,0.16,0.04,4.510000000000001,0.9600000000000001,0.09376974598761531,2022,8,14,6,5
2022-08-13,420.0,hunky,35276.0,3185.0,0.0,0.01,0.11,0.33,0.25,0.22,0.07,4.777777777777779,0.9199999999999999,0.09028801451411725,2022,8,13,5,5
2022-08-12,419.0,label,34198.0,3076.0,0.0,0.04,0.18,0.32,0.29,0.15,0.02,4.39,0.9800000000000001,0.08994678051348032,2022,8,12,4,5
2022-08-11,418.0,glean,37301.0,3243.0,0.0,0.06,0.23,0.37,0.24,0.08,0.01,4.08080808080808,0.98,0.08694136886410551,2022,8,11,3,5
2022-08-10,417.0,cling,37654.0,3312.0,0.0,0.04,0.2,0.34,0.27,0.13,0.02,4.31,0.9800000000000001,0.08795878259945822,2022,8,10,2,5
2022-08-09,416.0,patty,36223.0,3019.0,0.0,0.02,0.16,0.39,0.29,0.12,0.01,4.363636363636363,0.9800000000000001,0.08334483615382492,2022,8,9,1,5
2022-08-08,415.0,unfit,35516.0,3187.0,0.0,0.03,0.24,0.38,0.25,0.09,0.01,4.16,0.99,0.08973420430228629,2022,8,8,0,5
2022-08-07,414.0,smear,36223.0,3190.0,0.0,0.02,0.16,0.39,0.29,0.12,0.02,4.39,0.9800000000000001,0.08806559368357121,2022,8,7,6,5
2022-08-06,413.0,alien,38841.0,3395.0,0.03,0.17,0.31,0.29,0.15,0.04,0.0,3.484848484848485,0.9900000000000001,0.0874076362606524,2022,8,6,5,5
2022-08-05,412.0,buggy,37350.0,3428.0,0.0,0.01,0.09,0.29,0.34,0.22,0.05,4.82,0.95,0.09178045515394913,2022,8,5,4,5
2022-08-04,411.0,rhyme,37229.0,3336.0,0.0,0.04,0.22,0.39,0.25,0.08,0.01,4.141414141414141,0.98,0.08960756399580971,2022,8,4,3,5
2022-08-03,410.0,youth,38381.0,3327.0,0.01,0.05,0.17,0.31,0.29,0.15,0.03,4.376237623762376,0.9800000000000001,0.08668351528099841,2022,8,3,2,5
2022-08-02,409.0,coyly,34909.0,3380.0,0.0,0.0,0.04,0.17,0.28,0.35,0.15,5.404040404040403,0.8400000000000001,0.09682316881033544,2022,8,2,1,5
2022-08-01,408.0,quart,36662.0,3303.0,0.0,0.05,0.2,0.33,0.27,0.13,0.02,4.29,0.9800000000000001,0.09009328459985816,2022,8,1,0,5
2022-07-31,407.0,cramp,39250.0,3369.0,0.01,0.08,0.26,0.33,0.19,0.1,0.02,4.000000000000001,0.9699999999999999,0.0858343949044586,2022,7,31,6,5
2022-07-30,406.0,bluff,37353.0,3171.0,0.0,0.02,0.14,0.42,0.31,0.1,0.01,4.360000000000002,0.9899999999999999,0.08489277969640993,2022,7,30,5,5
2022-07-29,405.0,upset,37791.0,3213.0,0.0,0.05,0.3,0.38,0.2,0.06,0.01,3.9499999999999997,0.99,0.08502024291497975,2022,7,29,4,5
2022-07-28,404.0,stomp,40650.0,3490.0,0.0,0.07,0.26,0.32,0.21,0.11,0.02,4.090909090909091,0.97,0.08585485854858549,2022,7,28,3,5
2022-07-27,403.0,motto,38384.0,3285.0,0.0,0.01,0.11,0.36,0.36,0.14,0.01,4.545454545454546,0.98,0.08558253438932889,2022,7,27,2,5
2022-07-26,402.0,cinch,39171.0,3507.0,0.0,0.02,0.15,0.24,0.22,0.25,0.13,4.910891089108911,0.88,0.08953052002757142,2022,7,26,1,5
2022-07-25,401.0,elope,39228.0,3339.0,0.0,0.04,0.22,0.32,0.26,0.13,0.02,4.282828282828283,0.9700000000000001,0.08511777301927195,2022,7,25,0,5
2022-07-24,400.0,power,39813.0,3401.0,0.02,0.06,0.19,0.29,0.24,0.15,0.04,4.292929292929292,0.9500000000000001,0.0854243588777535,2022,7,24,6,5
2022-07-23,399.0,midge,36769.0,3111.0,0.0,0.02,0.18,0.39,0.28,0.1,0.02,4.3232323232323235,0.97,0.08460931763170061,2022,7,23,5,5
2022-07-22,398.0,tryst,43099.0,3665.0,0.0,0.03,0.26,0.41,0.23,0.06,0.01,4.06,0.99,0.08503677579526207,2022,7,22,4,5
2022-07-21,397.0,aphid,39086.0,3367.0,0.0,0.06,0.24,0.36,0.23,0.09,0.02,4.11,0.9799999999999999,0.08614337614491122,2022,7,21,3,5
2022-07-20,396.0,trite,42237.0,3685.0,0.0,0.04,0.14,0.22,0.22,0.23,0.15,4.91,0.85,0.08724577976655538,2022,7,20,2,5
2022-07-19,395.0,angry,39667.0,3358.0,0.0,0.05,0.27,0.38,0.21,0.07,0.01,4.01010101010101,0.98,0.08465475080041344,2022,7,19,1,5
2022-07-18,394.0,flock,42574.0,3548.0,0.0,0.04,0.22,0.37,0.27,0.09,0.01,4.18,0.99,0.0833372480856861,2022,7,18,0,5
2022-07-17,393.0,wacky,39611.0,3345.0,0.0,0.03,0.18,0.39,0.27,0.1,0.02,4.292929292929293,0.97,0.08444623968089672,2022,7,17,6,5
2022-07-16,392.0,roomy,38769.0,3280.0,0.0,0.02,0.17,0.41,0.28,0.1,0.02,4.329999999999999,0.98,0.0846036781964972,2022,7,16,5,5
2022-07-15,391.0,wedge,39234.0,3353.0,0.0,0.02,0.11,0.32,0.37,0.17,0.02,4.6138613861386135,0.9900000000000001,0.08546158943773258,2022,7,15,4,5
2022-07-14,390.0,liver,40549.0,3388.0,0.0,0.04,0.16,0.26,0.25,0.2,0.08,4.656565656565658,0.9099999999999999,0.08355323189227848,2022,7,14,3,5
2022-07-13,389.0,bland,46246.0,3727.0,0.0,0.07,0.31,0.38,0.18,0.04,0.0,3.8061224489795915,0.98,0.08059075379492281,2022,7,13,2,5
2022-07-12,388.0,night,46910.0,3870.0,0.01,0.08,0.27,0.27,0.17,0.13,0.07,4.180000000000001,0.93,0.08249840119377531,2022,7,12,1,5
2022-07-11,387.0,madam,40545.0,3430.0,0.0,0.03,0.13,0.35,0.34,0.14,0.02,4.485148514851485,0.9900000000000001,0.0845973609569614,2022,7,11,0,5
2022-07-10,386.0,berth,41785.0,3494.0,0.0,0.07,0.24,0.35,0.24,0.09,0.01,4.070000000000001,0.9899999999999999,0.08361852339356228,2022,7,10,6,5
2022-07-09,385.0,stead,47094.0,3933.0,0.01,0.06,0.2,0.27,0.28,0.16,0.03,4.336633663366337,0.9800000000000001,0.0835138234169958,2022,7,9,5,5
2022-07-08,384.0,voice,42806.0,3484.0,0.01,0.05,0.24,0.35,0.25,0.09,0.01,4.090000000000001,0.9899999999999999,0.08139045928140914,2022,7,8,4,5
2022-07-07,383.0,agape,43407.0,3671.0,0.0,0.02,0.18,0.36,0.27,0.15,0.03,4.435643564356435,0.98,0.08457161287349967,2022,7,7,3,5
2022-07-06,382.0,fluff,47344.0,4049.0,0.0,0.0,0.04,0.25,0.44,0.23,0.04,4.98,0.96,0.08552298073673538,2022,7,6,2,5
2022-07-05,381.0,field,44578.0,3604.0,0.01,0.06,0.25,0.36,0.23,0.09,0.01,4.0396039603960405,0.9999999999999999,0.08084705460092423,2022,7,5,1,5
2022-07-04,380.0,sever,42645.0,3591.0,0.0,0.02,0.13,0.27,0.29,0.21,0.07,4.757575757575758,0.9199999999999999,0.08420682377769961,2022,7,4,0,5
2022-07-03,379.0,lilac,40486.0,3461.0,0.0,0.02,0.17,0.38,0.29,0.12,0.01,4.353535353535354,0.9800000000000001,0.08548634095736798,2022,7,3,6,5
2022-07-02,378.0,egret,41765.0,3515.0,0.0,0.03,0.14,0.33,0.33,0.15,0.02,4.489999999999999,0.9800000000000001,0.08416137914521729,2022,7,2,5,5
2022-07-01,377.0,pinto,47248.0,3792.0,0.0,0.05,0.25,0.41,0.22,0.06,0.01,4.02,0.99,0.08025736539112767,2022,7,1,4,5
2022-06-30,376.0,hutch,44212.0,3758.0,0.0,0.01,0.12,0.28,0.28,0.21,0.09,4.838383838383838,0.9,0.08499954763412648,2022,6,30,3,5
2022-06-29,375.0,gawky,45645.0,3957.0,0.0,0.01,0.05,0.22,0.33,0.28,0.1,5.1313131313131315,0.8900000000000001,0.08669076569175156,2022,6,29,2,5
2022-06-28,374.0,droll,47312.0,3844.0,0.0,0.02,0.16,0.31,0.31,0.17,0.03,4.54,0.9700000000000001,0.08124788637132228,2022,6,28,1,5
2022-06-27,373.0,retro,47986.0,3848.0,0.0,0.06,0.24,0.35,0.24,0.09,0.01,4.090909090909091,0.9799999999999999,0.08019005543283457,2022,6,27,0,5
2022-06-26,372.0,rusty,50450.0,3954.0,0.0,0.09,0.37,0.34,0.13,0.05,0.01,3.7070707070707063,0.9800000000000001,0.07837462834489593,2022,6,26,6,5
2022-06-25,371.0,beady,46089.0,3670.0,0.0,0.03,0.19,0.39,0.29,0.1,0.01,4.2673267326732685,0.9999999999999999,0.07962854477207143,2022,6,25,5,5
2022-06-24,370.0,smite,50617.0,3991.0,0.0,0.06,0.23,0.35,0.24,0.11,0.02,4.1683168316831685,0.99,0.07884702767844795,2022,6,24,4,5
2022-06-23,369.0,brink,53111.0,4118.0,0.0,0.04,0.22,0.41,0.24,0.07,0.01,4.111111111111112,0.98,0.0775357270621905,2022,6,23,3,5
2022-06-22,368.0,awful,47645.0,3861.0,0.0,0.05,0.21,0.33,0.27,0.12,0.02,4.26,0.9800000000000001,0.0810368349249659,2022,6,22,2,5
2022-06-21,367.0,gloat,53342.0,4194.0,0.0,0.08,0.21,0.31,0.26,0.12,0.02,4.1899999999999995,0.98,0.0786247234824341,2022,6,21,1,5
2022-06-20,366.0,input,50484.0,3950.0,0.0,0.05,0.3,0.38,0.21,0.06,0.01,3.9603960396039604,1.0,0.07824261152048173,2022,6,20,0,5
2022-06-19,365.0,loser,55359.0,4399.0,0.01,0.1,0.28,0.32,0.19,0.08,0.02,3.900000000000001,0.9799999999999999,0.07946314059141242,2022,6,19,6,5
2022-06-18,364.0,cacao,47205.0,4101.0,0.0,0.01,0.09,0.27,0.36,0.23,0.04,4.83,0.96,0.08687639021290118,2022,6,18,5,5
2022-06-17,363.0,blown,54665.0,4251.0,0.0,0.06,0.23,0.35,0.26,0.1,0.01,4.138613861386139,1.0,0.07776456599286563,2022,6,17,4,5
2022-06-16,362.0,apron,53430.0,4112.0,0.0,0.07,0.3,0.38,0.19,0.05,0.01,3.8799999999999994,0.99,0.0769605090772974,2022,6,16,3,5
2022-06-15,361.0,primo,55989.0,4391.0,0.0,0.03,0.22,0.38,0.25,0.1,0.02,4.2299999999999995,0.98,0.07842611941631392,2022,6,15,2,5
2022-06-14,360.0,atone,59968.0,4762.0,0.02,0.16,0.34,0.29,0.14,0.04,0.01,3.53,0.9900000000000001,0.0794090181430096,2022,6,14,1,5
2022-06-13,359.0,donor,53802.0,4142.0,0.0,0.03,0.27,0.38,0.23,0.07,0.01,4.070707070707071,0.98,0.07698598565109104,2022,6,13,0,5
2022-06-12,358.0,float,56684.0,4323.0,0.01,0.12,0.3,0.32,0.18,0.06,0.01,3.7599999999999993,0.99,0.07626490720485499,2022,6,12,6,5
2022-06-11,357.0,goose,51958.0,4087.0,0.0,0.02,0.12,0.28,0.32,0.21,0.05,4.7299999999999995,0.95,0.0786596866700027,2022,6,11,5,5
2022-06-10,356.0,piety,55376.0,4324.0,0.0,0.04,0.25,0.41,0.22,0.07,0.01,4.06,0.99,0.07808436867957237,2022,6,10,4,5
2022-06-09,355.0,girth,60020.0,4665.0,0.0,0.06,0.23,0.33,0.23,0.12,0.03,4.21,0.9700000000000001,0.07772409196934356,2022,6,9,3,5
2022-06-08,354.0,trait,61026.0,4607.0,0.0,0.06,0.22,0.35,0.24,0.11,0.02,4.18,0.98,0.07549241306983909,2022,6,8,2,5
2022-06-07,353.0,flood,58991.0,4440.0,0.0,0.03,0.2,0.4,0.28,0.08,0.01,4.210000000000001,0.99,0.07526571849943212,2022,6,7,1,5
2022-06-06,352.0,gloom,58478.0,4548.0,0.0,0.02,0.14,0.35,0.35,0.13,0.01,4.46,0.99,0.07777283764834639,2022,6,6,0,5
2022-06-05,351.0,depth,56738.0,4329.0,0.0,0.06,0.28,0.39,0.2,0.06,0.01,3.9499999999999997,0.99,0.07629807183897917,2022,6,5,6,5
2022-06-04,350.0,froth,58263.0,4432.0,0.0,0.05,0.22,0.35,0.25,0.11,0.01,4.1818181818181825,0.98,0.07606886016854608,2022,6,4,5,5
2022-06-03,349.0,peach,65431.0,4957.0,0.01,0.13,0.38,0.32,0.13,0.03,0.0,3.5200000000000005,1.0,0.0757591967110391,2022,6,3,4,5
2022-06-02,348.0,showy,61278.0,4770.0,0.0,0.02,0.16,0.37,0.3,0.13,0.02,4.42,0.9800000000000001,0.07784196612160971,2022,6,2,3,5
2022-06-01,347.0,creak,63241.0,4797.0,0.0,0.05,0.21,0.32,0.25,0.14,0.03,4.31,0.9700000000000001,0.07585269050141522,2022,6,1,2,5
2022-05-31,346.0,manor,62768.0,4802.0,0.0,0.06,0.27,0.34,0.21,0.1,0.02,4.08,0.98,0.07650395105786388,2022,5,31,1,5
2022-05-30,345.0,atoll,60969.0,4741.0,0.0,0.06,0.28,0.36,0.21,0.08,0.01,4.000000000000001,0.9899999999999999,0.07776082927389329,2022,5,30,0,5
2022-05-29,344.0,bayou,56839.0,4435.0,0.0,0.06,0.17,0.33,0.29,0.13,0.02,4.32,0.9800000000000001,0.07802741075669875,2022,5,29,6,5
2022-05-28,343.0,crept,60069.0,4562.0,0.0,0.04,0.27,0.38,0.22,0.07,0.01,4.040404040404041,0.98,0.07594599543857897,2022,5,28,5,5
2022-05-27,342.0,tiara,63846.0,4842.0,0.0,0.08,0.36,0.33,0.17,0.06,0.01,3.801980198019802,1.0,0.07583873696081195,2022,5,27,4,5
2022-05-26,341.0,asset,63188.0,4733.0,0.0,0.07,0.28,0.34,0.21,0.08,0.01,3.97979797979798,0.98,0.07490346268278787,2022,5,26,3,5
2022-05-25,340.0,vouch,62723.0,4835.0,0.0,0.02,0.09,0.25,0.33,0.24,0.06,4.868686868686869,0.9299999999999999,0.07708496085965276,2022,5,25,2,5
2022-05-24,339.0,album,63380.0,4809.0,0.0,0.05,0.26,0.35,0.24,0.09,0.01,4.090000000000001,0.9899999999999999,0.07587567055853582,2022,5,24,1,5
2022-05-23,338.0,hinge,66431.0,4906.0,0.0,0.05,0.25,0.37,0.22,0.09,0.02,4.110000000000001,0.9799999999999999,0.0738510635095061,2022,5,23,0,5
2022-05-22,337.0,money,67909.0,4928.0,0.01,0.07,0.26,0.36,0.21,0.08,0.01,3.97,0.9899999999999999,0.07256770089384323,2022,5,22,6,5
2022-05-21,336.0,scrap,66814.0,4973.0,0.01,0.09,0.28,0.34,0.2,0.08,0.01,3.900990099009902,0.9999999999999999,0.07443050857604694,2022,5,21,5,5
2022-05-20,335.0,gamer,69884.0,5238.0,0.01,0.04,0.17,0.28,0.26,0.18,0.06,4.5200000000000005,0.94,0.07495277889073322,2022,5,20,4,5
2022-05-19,334.0,glass,70920.0,5162.0,0.0,0.04,0.19,0.33,0.27,0.14,0.03,4.37,0.9700000000000001,0.07278623801466441,2022,5,19,3,5
2022-05-18,333.0,scour,73933.0,5544.0,0.0,0.08,0.34,0.35,0.17,0.05,0.01,3.8000000000000003,0.9900000000000001,0.07498681238418568,2022,5,18,2,5
2022-05-17,332.0,being,70722.0,5142.0,0.0,0.04,0.22,0.37,0.26,0.1,0.01,4.1899999999999995,0.99,0.07270721981844405,2022,5,17,1,5
2022-05-16,331.0,delve,68349.0,5179.0,0.0,0.02,0.14,0.32,0.33,0.16,0.02,4.535353535353535,0.9700000000000001,0.07577287158553893,2022,5,16,0,5
2022-05-15,330.0,yield,67115.0,4963.0,0.0,0.04,0.16,0.29,0.29,0.18,0.04,4.53,0.96,0.07394770170602696,2022,5,15,6,5
2022-05-14,329.0,metal,73225.0,5290.0,0.01,0.1,0.31,0.34,0.18,0.07,0.01,3.813725490196078,1.01,0.07224308637760328,2022,5,14,5,5
2022-05-13,328.0,tipsy,77585.0,5522.0,0.0,0.06,0.33,0.38,0.17,0.05,0.01,3.85,0.9900000000000001,0.07117355158858027,2022,5,13,4,5
2022-05-12,327.0,slung,75673.0,5419.0,0.0,0.02,0.16,0.37,0.31,0.13,0.02,4.425742574257425,0.9900000000000001,0.0716107462370991,2022,5,12,3,5
2022-05-11,326.0,farce,79446.0,5688.0,0.0,0.09,0.26,0.32,0.21,0.09,0.01,3.9795918367346945,0.9699999999999999,0.07159580092138056,2022,5,11,2,5
2022-05-10,325.0,gecko,74412.0,5489.0,0.0,0.02,0.16,0.38,0.29,0.12,0.02,4.393939393939393,0.9700000000000001,0.07376498414234263,2022,5,10,1,5
2022-05-09,324.0,shine,88932.0,6146.0,0.01,0.14,0.32,0.3,0.17,0.06,0.01,3.6930693069306932,1.0,0.06910898214366032,2022,5,9,0,5
2022-05-08,323.0,canny,72518.0,5256.0,0.0,0.02,0.1,0.3,0.34,0.2,0.04,4.720000000000001,0.96,0.07247855704790535,2022,5,8,6,5
2022-05-07,322.0,midst,74458.0,5233.0,0.0,0.03,0.25,0.39,0.24,0.09,0.01,4.138613861386139,1.0,0.07028123237261275,2022,5,7,5,5
2022-05-06,321.0,badge,76292.0,5482.0,0.0,0.04,0.2,0.35,0.26,0.12,0.02,4.282828282828282,0.97,0.07185550254286163,2022,5,6,4,5
2022-05-05,320.0,homer,85979.0,6313.0,0.0,0.03,0.16,0.26,0.24,0.19,0.12,4.760000000000002,0.8799999999999999,0.07342490608171763,2022,5,5,3,5
2022-05-04,319.0,train,107750.0,7243.0,0.06,0.26,0.32,0.22,0.1,0.03,0.0,3.1313131313131315,0.99,0.06722041763341068,2022,5,4,2,5
2022-05-03,318.0,hairy,85817.0,5941.0,0.01,0.08,0.24,0.33,0.23,0.1,0.01,4.030000000000001,0.9899999999999999,0.06922870759872753,2022,5,3,1,5
2022-05-02,317.0,story,95643.0,6530.0,0.01,0.1,0.23,0.29,0.24,0.11,0.02,4.06,0.98,0.06827472998546678,2022,5,2,0,5
2022-05-01,316.0,forgo,77658.0,5699.0,0.0,0.01,0.09,0.26,0.37,0.23,0.03,4.818181818181818,0.96,0.07338587138478972,2022,5,1,6,5
2022-04-30,315.0,larva,77991.0,5749.0,0.0,0.02,0.1,0.25,0.35,0.23,0.04,4.7979797979797985,0.95,0.07371363362439255,2022,4,30,5,5
2022-04-29,314.0,tash,106652.0,7001.0,0.02,0.19,0.34,0.27,0.13,0.04,0.01,3.4599999999999995,0.9900000000000001,0.06564340096763305,2022,4,29,4,4
2022-04-28,313.0,zesty,88974.0,6315.0,0.0,0.02,0.12,0.27,0.3,0.22,0.07,4.79,0.9299999999999999,0.07097579068042349,2022,4,28,3,5
2022-04-27,312.0,shown,98967.0,6564.0,0.0,0.06,0.26,0.36,0.22,0.08,0.01,4.03030303030303,0.9799999999999999,0.06632513868259117,2022,4,27,2,5
2022-04-26,311.0,heist,103153.0,6830.0,0.01,0.13,0.32,0.31,0.16,0.06,0.01,3.6999999999999993,0.99,0.0662123253807451,2022,4,26,1,5
2022-04-25,310.0,askew,91548.0,6549.0,0.0,0.03,0.13,0.29,0.32,0.19,0.04,4.63,0.96,0.07153624328221261,2022,4,25,0,5
2022-04-24,309.0,inert,97452.0,6743.0,0.0,0.07,0.27,0.34,0.22,0.09,0.01,4.0200000000000005,0.99,0.06919303862414317,2022,4,24,6,5
2022-04-23,308.0,olive,95562.0,6482.0,0.01,0.06,0.25,0.34,0.23,0.1,0.01,4.0600000000000005,0.99,0.06783030911868734,2022,4,23,5,5
2022-04-22,307.0,plant,119232.0,7731.0,0.02,0.19,0.39,0.28,0.1,0.03,0.0,3.3366336633663365,1.01,0.06483997584541062,2022,4,22,4,5
2022-04-21,306.0,oxide,97955.0,6960.0,0.0,0.02,0.11,0.3,0.33,0.21,0.04,4.712871287128713,0.97,0.07105303455668419,2022,4,21,3,5
2022-04-20,305.0,cargo,102007.0,6796.0,0.0,0.05,0.2,0.34,0.27,0.12,0.02,4.27,0.9800000000000001,0.06662287882204163,2022,4,20,2,5
2022-04-19,304.0,foyer,108899.0,8198.0,0.0,0.02,0.1,0.19,0.19,0.23,0.26,5.303030303030303,0.73,0.07528076474531446,2022,4,19,1,5
2022-04-18,303.0,flair,112383.0,7341.0,0.01,0.08,0.3,0.36,0.18,0.06,0.01,3.8399999999999994,0.99,0.06532126745148288,2022,4,18,0,5
2022-04-17,302.0,ample,106681.0,7008.0,0.0,0.04,0.2,0.35,0.27,0.11,0.02,4.2727272727272725,0.97,0.0656911727486619,2022,4,17,6,5
2022-04-16,301.0,cheek,107987.0,7035.0,0.0,0.03,0.19,0.4,0.28,0.09,0.01,4.240000000000001,0.99,0.06514673062498264,2022,4,16,5,5
2022-04-15,300.0,shame,129991.0,8522.0,0.01,0.11,0.22,0.25,0.21,0.15,0.05,4.19,0.95,0.06555838481125617,2022,4,15,4,5
2022-04-14,299.0,mince,113448.0,7356.0,0.0,0.06,0.24,0.35,0.24,0.1,0.01,4.11,0.9899999999999999,0.06484027924687963,2022,4,14,3,5
2022-04-13,298.0,chunk,123255.0,7835.0,0.01,0.04,0.29,0.42,0.18,0.05,0.01,3.9099999999999997,0.99,0.06356740091679851,2022,4,13,2,5
2022-04-12,297.0,royal,114907.0,7275.0,0.01,0.05,0.24,0.36,0.23,0.09,0.01,4.070707070707072,0.9799999999999999,0.06331206976076305,2022,4,12,1,5
2022-04-11,296.0,squad,109828.0,7236.0,0.0,0.03,0.2,0.33,0.27,0.14,0.02,4.353535353535353,0.9700000000000001,0.06588483811050005,2022,4,11,0,5
2022-04-10,295.0,black,126241.0,7894.0,0.01,0.1,0.31,0.34,0.18,0.06,0.01,3.792079207920792,1.0,0.06253119034228183,2022,4,10,6,5
2022-04-09,294.0,stair,134210.0,8537.0,0.02,0.21,0.36,0.26,0.11,0.04,0.01,3.3861386138613865,1.0,0.06360926905595708,2022,4,9,5,5
2022-04-08,293.0,scare,141158.0,9010.0,0.01,0.12,0.23,0.26,0.21,0.13,0.04,4.090000000000001,0.96,0.06382918431828165,2022,4,8,4,5
2022-04-07,292.0,foray,117761.0,7575.0,0.0,0.02,0.14,0.31,0.31,0.19,0.04,4.623762376237624,0.97,0.06432520104279006,2022,4,7,3,5
2022-04-06,291.0,comma,117856.0,7560.0,0.0,0.02,0.13,0.33,0.33,0.17,0.03,4.584158415841584,0.9800000000000001,0.0641460765680152,2022,4,6,2,5
2022-04-05,290.0,natal,121356.0,7702.0,0.0,0.02,0.14,0.32,0.32,0.17,0.03,4.569999999999999,0.9700000000000001,0.06346616566135997,2022,4,5,1,5
2022-04-04,289.0,shawl,129651.0,7943.0,0.0,0.03,0.16,0.31,0.3,0.16,0.03,4.494949494949495,0.9600000000000001,0.06126447154283422,2022,4,4,0,5
2022-04-03,288.0,fewer,124532.0,7931.0,0.0,0.02,0.1,0.24,0.32,0.26,0.06,4.880000000000001,0.94,0.063686442038994,2022,4,3,6,5
2022-04-02,287.0,trope,155079.0,9315.0,0.01,0.16,0.33,0.28,0.15,0.06,0.01,3.62,0.99,0.060066159828216587,2022,4,2,5,5
2022-04-01,286.0,snout,144648.0,8913.0,0.01,0.04,0.19,0.27,0.26,0.18,0.05,4.47,0.95,0.061618549858967975,2022,4,1,4,5
2022-03-31,285.0,lowly,135219.0,8469.0,0.0,0.02,0.09,0.26,0.32,0.24,0.08,4.900990099009902,0.9299999999999999,0.06263173074789785,2022,3,31,3,5
2022-03-30,284.0,stove,158139.0,9318.0,0.0,0.05,0.16,0.24,0.27,0.21,0.06,4.616161616161617,0.9299999999999999,0.05892284635668621,2022,3,30,2,5
2022-03-29,283.0,shall,149070.0,8494.0,0.0,0.03,0.17,0.3,0.28,0.17,0.04,4.515151515151515,0.9500000000000001,0.05697994230898236,2022,3,29,1,5
2022-03-28,282.0,found,173696.0,10613.0,0.01,0.06,0.17,0.22,0.2,0.21,0.14,4.712871287128714,0.8699999999999999,0.06110100405305822,2022,3,28,0,5
2022-03-27,281.0,nymph,165468.0,9935.0,0.01,0.02,0.18,0.44,0.26,0.26,0.09,4.634920634920635,1.17,0.0600418207750139,2022,3,27,6,5
2022-03-26,280.0,epoxy,149507.0,9376.0,0.0,0.02,0.13,0.31,0.33,0.18,0.03,4.61,0.97,0.06271278267907188,2022,3,26,5,5
2022-03-25,279.0,depot,150197.0,8562.0,0.0,0.05,0.29,0.36,0.2,0.07,0.01,3.979591836734693,0.97,0.05700513325832074,2022,3,25,4,5
2022-03-24,278.0,chest,169066.0,9318.0,0.01,0.14,0.35,0.31,0.14,0.05,0.01,3.613861386138614,1.0,0.05511457064105142,2022,3,24,3,5
2022-03-23,277.0,purge,156785.0,8555.0,0.01,0.04,0.22,0.35,0.26,0.11,0.02,4.207920792079208,0.99,0.054565168861817136,2022,3,23,2,5
2022-03-22,276.0,slosh,160161.0,8807.0,0.0,0.02,0.19,0.36,0.27,0.13,0.02,4.363636363636363,0.97,0.05498841790448361,2022,3,22,1,5
2022-03-21,275.0,their,173636.0,9200.0,0.02,0.14,0.36,0.3,0.13,0.04,0.0,3.5050505050505043,0.9900000000000001,0.052984404155820224,2022,3,21,0,5
2022-03-20,274.0,renew,154987.0,8417.0,0.0,0.04,0.2,0.33,0.27,0.13,0.02,4.313131313131312,0.9700000000000001,0.05430778065257086,2022,3,20,6,5
2022-03-19,273.0,allow,156311.0,8515.0,0.0,0.05,0.21,0.32,0.26,0.14,0.03,4.316831683168316,0.9800000000000001,0.05447473306421173,2022,3,19,5,5
2022-03-18,272.0,saute,179830.0,9304.0,0.01,0.08,0.31,0.34,0.19,0.06,0.01,3.84,0.99,0.051737752321637104,2022,3,18,4,5
2022-03-17,271.0,movie,169071.0,8847.0,0.01,0.05,0.18,0.3,0.26,0.16,0.03,4.363636363636363,0.9600000000000001,0.05232712883936334,2022,3,17,3,5
2022-03-16,270.0,cater,217856.0,11234.0,0.01,0.07,0.19,0.22,0.19,0.18,0.15,4.633663366336634,0.8599999999999999,0.05156617215041128,2022,3,16,2,5
2022-03-15,269.0,tease,202855.0,10024.0,0.01,0.16,0.32,0.3,0.16,0.06,0.01,3.6470588235294112,1.01,0.0494146064923221,2022,3,15,1,5
2022-03-14,268.0,smelt,185406.0,9373.0,0.0,0.05,0.19,0.33,0.28,0.13,0.02,4.3100000000000005,0.9800000000000001,0.05055391950638059,2022,3,14,0,5
2022-03-13,267.0,focus,179436.0,8937.0,0.01,0.04,0.23,0.36,0.24,0.1,0.01,4.1313131313131315,0.98,0.0498060589848191,2022,3,13,6,5
2022-03-12,266.0,today,192049.0,9353.0,0.01,0.07,0.29,0.35,0.2,0.07,0.01,3.9099999999999997,0.99,0.04870111273685362,2022,3,12,5,5
2022-03-11,265.0,watch,226349.0,12400.0,0.01,0.06,0.14,0.18,0.17,0.24,0.2,4.96,0.8,0.054782658637767344,2022,3,11,4,5
2022-03-10,264.0,lapse,208884.0,9960.0,0.0,0.08,0.31,0.34,0.19,0.07,0.01,3.89,0.99,0.04768196702476015,2022,3,10,3,5
2022-03-09,263.0,month,201799.0,9435.0,0.01,0.05,0.26,0.37,0.22,0.08,0.01,4.020000000000001,0.9899999999999999,0.04675444377821496,2022,3,9,2,5
2022-03-08,262.0,sweet,207473.0,9767.0,0.01,0.05,0.18,0.31,0.28,0.15,0.02,4.329999999999999,0.9800000000000001,0.0470760050705393,2022,3,8,1,5
2022-03-07,261.0,hoard,218595.0,9823.0,0.01,0.09,0.3,0.34,0.19,0.07,0.01,3.8514851485148514,1.0,0.04493698392003477,2022,3,7,0,5
2022-03-06,260.0,cloth,218595.0,9911.0,0.01,0.08,0.33,0.34,0.17,0.07,0.01,3.8217821782178216,1.0,0.04533955488460395,2022,3,6,6,5
2022-03-05,259.0,brine,229895.0,10405.0,0.01,0.09,0.25,0.29,0.22,0.12,0.03,4.08910891089109,0.9799999999999999,0.04525979251397377,2022,3,5,5,5
2022-03-04,258.0,ahead,203730.0,9396.0,0.01,0.05,0.2,0.35,0.26,0.12,0.02,4.227722772277227,0.99,0.0461198645265793,2022,3,4,4,5
2022-03-03,257.0,mourn,240018.0,10465.0,0.01,0.08,0.29,0.34,0.19,0.08,0.01,3.9,0.9899999999999999,0.04360089659942171,2022,3,3,3,5
2022-03-02,256.0,nasty,257304.0,10813.0,0.01,0.07,0.26,0.31,0.21,0.11,0.02,4.0606060606060606,0.97,0.042024220377452355,2022,3,2,2,5
2022-03-01,255.0,rupee,240137.0,10577.0,0.01,0.02,0.17,0.35,0.3,0.13,0.02,4.38,0.9800000000000001,0.044045690584957754,2022,3,1,1,5
2022-02-28,254.0,choke,251094.0,10521.0,0.01,0.08,0.3,0.36,0.18,0.06,0.01,3.8399999999999994,0.99,0.04190064278716337,2022,2,28,0,5
2022-02-27,253.0,chant,250413.0,10438.0,0.01,0.09,0.33,0.33,0.16,0.07,0.01,3.7899999999999996,0.99,0.04168313945362261,2022,2,27,6,5
2022-02-26,252.0,spill,248363.0,10087.0,0.01,0.05,0.26,0.34,0.22,0.1,0.02,4.09,0.98,0.040613940079641496,2022,2,26,5,5
2022-02-25,251.0,vivid,255907.0,11687.0,0.01,0.02,0.1,0.29,0.33,0.21,0.04,4.7,0.96,0.04566893441758139,2022,2,25,4,5
2022-02-24,250.0,bloke,250674.0,10405.0,0.01,0.06,0.21,0.32,0.25,0.12,0.02,4.191919191919191,0.97,0.04150809417809585,2022,2,24,3,5
2022-02-23,249.0,trove,277576.0,11411.0,0.01,0.05,0.16,0.24,0.25,0.22,0.08,4.633663366336633,0.9299999999999999,0.0411094619131337,2022,2,23,2,5
2022-02-22,248.0,thorn,306356.0,11814.0,0.01,0.14,0.38,0.3,0.12,0.04,0.0,3.5050505050505043,0.9900000000000001,0.03856297901787463,2022,2,22,1,5
2022-02-21,247.0,other,278731.0,10887.0,0.01,0.09,0.26,0.3,0.21,0.1,0.02,4.000000000000001,0.9699999999999999,0.03905916457085864,2022,2,21,0,5
2022-02-20,246.0,tacit,273306.0,11094.0,0.01,0.04,0.21,0.32,0.26,0.14,0.03,4.306930693069306,0.9800000000000001,0.040591864064455224,2022,2,20,6,5
2022-02-19,245.0,swill,282327.0,11241.0,0.01,0.01,0.08,0.19,0.31,0.3,0.1,5.079999999999999,0.9000000000000001,0.03981553305209916,2022,2,19,5,5
2022-02-18,244.0,dodge,265238.0,10220.0,0.01,0.03,0.15,0.29,0.27,0.19,0.07,4.6138613861386135,0.94,0.03853143214773147,2022,2,18,4,5
2022-02-17,243.0,shake,342003.0,12767.0,0.01,0.06,0.16,0.23,0.24,0.21,0.09,4.620000000000001,0.9099999999999999,0.03733008189986638,2022,2,17,3,5
2022-02-16,242.0,caulk,289721.0,10740.0,0.01,0.04,0.2,0.31,0.26,0.15,0.03,4.340000000000001,0.9700000000000001,0.03707014679640067,2022,2,16,2,5
2022-02-15,241.0,aroma,287836.0,10343.0,0.01,0.06,0.25,0.33,0.22,0.11,0.02,4.1000000000000005,0.98,0.03593365666560124,2022,2,15,1,5
2022-02-14,240.0,cynic,261521.0,10343.0,0.01,0.06,0.25,0.33,0.22,0.11,0.02,4.1000000000000005,0.98,0.03954940521028904,2022,2,14,0,5
2022-02-13,239.0,robin,277471.0,3249.0,0.01,0.06,0.29,0.34,0.21,0.08,0.01,3.9600000000000004,0.9899999999999999,0.011709331786024485,2022,2,13,6,5
2022-02-12,238.0,ultra,269885.0,9310.0,0.01,0.07,0.23,0.34,0.24,0.1,0.01,4.07,0.99,0.034496174296459604,2022,2,12,5,5
2022-02-11,237.0,ulcer,278826.0,10631.0,0.01,0.04,0.18,0.3,0.28,0.16,0.03,4.4,0.9700000000000001,0.038127721231162086,2022,2,11,4,5
2022-02-10,236.0,pause,304830.0,13480.0,0.01,0.08,0.26,0.32,0.21,0.1,0.02,4.020000000000001,0.9799999999999999,0.04422136928779976,2022,2,10,3,5
2022-02-09,235.0,humor,305372.0,13846.0,0.01,0.05,0.22,0.34,0.25,0.11,0.02,4.18,0.9800000000000001,0.04534141964554707,2022,2,9,2,5
2022-02-08,234.0,frame,336236.0,15369.0,0.01,0.1,0.2,0.24,0.24,0.17,0.03,4.242424242424242,0.9600000000000001,0.045708966321274344,2022,2,8,1,5
2022-02-07,233.0,elder,288228.0,13340.0,0.01,0.03,0.13,0.24,0.3,0.24,0.05,4.709999999999999,0.95,0.04628280389136378,2022,2,7,0,5
2022-02-06,232.0,skill,311018.0,13716.0,0.01,0.03,0.17,0.33,0.27,0.16,0.03,4.42,0.9700000000000001,0.04410034145933676,2022,2,6,6,5
2022-02-05,231.0,aloft,319698.0,13708.0,0.01,0.04,0.22,0.36,0.25,0.11,0.02,4.198019801980197,0.99,0.04287796608048846,2022,2,5,5,5
2022-02-04,230.0,pleat,359679.0,14813.0,0.01,0.1,0.28,0.31,0.19,0.09,0.02,3.920000000000001,0.9799999999999999,0.041183944572799634,2022,2,4,4,5
2022-02-03,229.0,shard,358176.0,14609.0,0.01,0.07,0.22,0.28,0.25,0.14,0.04,4.257425742574258,0.9700000000000001,0.04078721075672295,2022,2,3,3,5
2022-02-02,228.0,moist,361908.0,14205.0,0.03,0.13,0.32,0.29,0.16,0.07,0.01,3.663366336633663,1.0,0.03925030670778209,2022,2,2,2,5
2022-02-01,227.0,those,351663.0,13606.0,0.01,0.13,0.34,0.3,0.15,0.06,0.01,3.67,0.99,0.03869045080090883,2022,2,1,1,5
2022-01-31,226.0,light,341314.0,13347.0,0.01,0.1,0.25,0.27,0.19,0.12,0.05,4.1010101010101,0.9400000000000001,0.03910475398020591,2022,1,31,0,5
2022-01-30,225.0,wrung,294687.0,11524.0,0.0,0.02,0.18,0.39,0.27,0.12,0.02,4.35,0.98,0.03910589880110083,2022,1,30,6,5
2022-01-29,224.0,could,313220.0,11592.0,0.01,0.07,0.29,0.35,0.2,0.08,0.01,3.930693069306931,0.9999999999999999,0.037009130962262944,2022,1,29,5,5
2022-01-28,223.0,perky,296968.0,11148.0,0.01,0.04,0.17,0.3,0.27,0.17,0.04,4.45,0.9600000000000001,0.037539398184316154,2022,1,28,4,5
2022-01-27,222.0,mount,331844.0,11451.0,0.01,0.09,0.29,0.33,0.19,0.07,0.01,3.8585858585858586,0.98,0.03450717807162402,2022,1,27,3,5
2022-01-26,221.0,whack,302348.0,10163.0,0.01,0.04,0.22,0.37,0.24,0.1,0.02,4.169999999999999,0.98,0.03361358434651461,2022,1,26,2,5
2022-01-25,220.0,sugar,276404.0,8708.0,0.01,0.06,0.25,0.34,0.23,0.09,0.01,4.0404040404040416,0.98,0.03150460919523596,2022,1,25,1,5
2022-01-24,219.0,knoll,258038.0,8317.0,0.01,0.01,0.11,0.29,0.33,0.21,0.04,4.71,0.96,0.032231686805819296,2022,1,24,0,5
2022-01-23,218.0,crimp,269929.0,7630.0,0.01,0.05,0.28,0.38,0.2,0.07,0.01,3.96,0.99,0.02826669235243342,2022,1,23,6,5
2022-01-22,217.0,wince,241489.0,6850.0,0.01,0.03,0.17,0.33,0.29,0.15,0.03,4.415841584158416,0.9800000000000001,0.02836568125256223,2022,1,22,5,5
2022-01-21,216.0,prick,273727.0,7409.0,0.01,0.08,0.3,0.33,0.19,0.07,0.01,3.8686868686868685,0.98,0.027067114314627348,2022,1,21,4,5
2022-01-20,215.0,robot,243964.0,6589.0,0.01,0.08,0.29,0.34,0.2,0.08,0.01,3.9108910891089113,0.9999999999999999,0.027008083159810462,2022,1,20,3,5
2022-01-19,214.0,point,280622.0,7094.0,0.01,0.16,0.37,0.28,0.12,0.04,0.01,3.5050505050505047,0.9800000000000001,0.02527955755429011,2022,1,19,2,5
2022-01-18,213.0,proxy,220950.0,6206.0,0.01,0.02,0.11,0.24,0.31,0.26,0.06,4.821782178217821,0.95,0.028087802670287397,2022,1,18,1,5
2022-01-17,212.0,shire,222197.0,5640.0,0.01,0.08,0.32,0.32,0.18,0.08,0.02,3.891089108910892,0.9899999999999999,0.025382880956988617,2022,1,17,0,5
2022-01-16,211.0,solar,209609.0,4955.0,0.01,0.09,0.32,0.32,0.18,0.07,0.01,3.8199999999999994,0.99,0.023639252131349323,2022,1,16,6,5
2022-01-15,210.0,panic,205880.0,4655.0,0.01,0.09,0.35,0.34,0.16,0.05,0.01,3.732673267326732,1.0,0.022610258402953175,2022,1,15,5,5
2022-01-14,209.0,tangy,169484.0,3985.0,0.01,0.04,0.21,0.3,0.24,0.15,0.05,4.369999999999999,0.9500000000000001,0.02351254395695169,2022,1,14,4,5
2022-01-13,208.0,abbey,132726.0,3345.0,0.01,0.02,0.13,0.29,0.31,0.2,0.03,4.6060606060606055,0.96,0.025202296460377017,2022,1,13,3,5
2022-01-12,207.0,favor,137586.0,3073.0,0.01,0.04,0.15,0.26,0.29,0.21,0.04,4.57,0.96,0.022335121305946826,2022,1,12,2,5
2022-01-11,206.0,drink,153880.0,3017.0,0.01,0.09,0.35,0.34,0.16,0.05,0.01,3.732673267326732,1.0,0.019606186638939434,2022,1,11,1,5
2022-01-10,205.0,query,107134.0,2242.0,0.01,0.04,0.16,0.3,0.3,0.17,0.02,4.43,0.9800000000000001,0.02092706330389979,2022,1,10,0,5
2022-01-09,204.0,gorge,91477.0,1913.0,0.01,0.03,0.13,0.27,0.3,0.22,0.04,4.640000000000001,0.96,0.020912360484056102,2022,1,9,6,5
2022-01-08,203.0,crank,101503.0,1763.0,0.01,0.05,0.23,0.31,0.24,0.14,0.02,4.22,0.9800000000000001,0.017368944760253392,2022,1,8,5,5
2022-01-07,202.0,slump,80630.0,1362.0,0.01,0.03,0.23,0.39,0.24,0.09,0.01,4.130000000000001,0.99,0.01689197569142999,2022,1,7,4,5
